<?xml version="1.0" encoding="UTF-8"?>
<project-private xmlns="http://www.netbeans.org/ns/project-private/1">
    <editor-bookmarks xmlns="http://www.netbeans.org/ns/editor-bookmarks/2" lastBookmarkId="0"/>
    <open-files xmlns="http://www.netbeans.org/ns/projectui-open-files/2">
        <group>
            <file>file:/Users/ufukcelikcan/Google%20Drive/BBM412-414%20MATERIALS/Cube/public_html/js/app.js</file>
            <file>file:/Users/ufukcelikcan/Google%20Drive/BBM412-414%20MATERIALS/Cube/public_html/js/initialize.js</file>
        </group>
    </open-files>
</project-private>
